id,start,end,name,parents
4,8/12/2021 8:00,8/12/2021 8:00,4,0
388,6/21/2017 8:00,6/21/2017 16:00,388,0
516,2/03/2019 8:00,5/01/2019 9:00,516,0
517,4/09/2019 8:00,10/31/2020 16:00,517,0
518,5/11/2021 8:00,11/10/2021 16:00,518,0
519,3/20/2019 8:00,4/30/2019 15:12,519,0
520,5/31/2019 8:00,10/31/2020 16:00,520,0
1104,11/30/2018 8:00,1/28/2019 16:00,1104,0
1105,4/30/2019 8:00,11/24/2019 18:00,1105,0
1106,7/28/2019 8:00,11/24/2019 18:00,1106,0
1136,3/05/2018 8:00,2/28/2019 16:00,1136,0
1145,5/30/2019 8:00,9/24/2020 18:00,1145,0
1186,12/18/2018 8:00,2/28/2019 16:00,1186,0
1199,12/18/2018 8:00,2/27/2019 16:00,1199,0
1794,10/06/2023 8:00,7/11/2024 16:00,1794,0
8167,11/24/2023 8:00,3/22/2024 16:00,8167,0
8261,2/25/2026 16:00,2/25/2026 16:00,8261,0
8303,1/22/2022 8:00,6/20/2022 16:00,8303,0
8321,7/31/2022 8:00,10/28/2022 16:00,8321,0
8323,10/29/2022 8:00,2/25/2023 16:00,8323,0
8324,11/13/2022 8:00,3/12/2023 16:00,8324,0
8557,10/09/2022 8:00,12/17/2022 16:00,8557,0
9729,9/23/2024 8:00,7/29/2025 16:00,9729,0
9730,1/01/2025 8:00,7/29/2025 16:00,9730,0
9732,5/01/2025 8:00,7/29/2025 16:00,9732,0
10336,9/18/2024 8:00,10/29/2024 16:00,10336,0
10442,10/07/2024 8:00,11/12/2024 16:00,10442,0
10443,1/31/2025 8:00,2/20/2025 16:00,10443,0
10444,5/08/2025 8:00,5/21/2025 16:00,10444,0
10445,5/22/2025 8:00,6/04/2025 16:00,10445,0
10446,4/23/2025 8:00,6/10/2025 16:00,10446,0
10447,5/14/2025 8:00,7/12/2025 16:00,10447,0
10448,5/14/2025 8:00,5/27/2025 16:00,10448,0
10449,12/31/2024 8:00,2/13/2025 16:00,10449,0
10450,4/28/2025 8:00,1/22/2026 16:00,10450,0
10451,1/11/2025 8:00,3/11/2025 16:00,10451,0
10452,2/16/2024 8:00,6/14/2024 16:00,10452,0
10453,8/17/2024 8:00,9/30/2024 16:00,10453,0
10454,10/01/2024 8:00,10/09/2024 16:00,10454,0
10455,10/10/2024 8:00,10/30/2024 16:00,10455,0
10456,11/30/2024 8:00,1/28/2025 16:00,10456,0
10457,1/29/2025 8:00,3/06/2025 16:00,10457,0
10458,3/07/2025 8:00,4/20/2025 16:00,10458,0
10460,4/24/2024 8:00,5/07/2024 16:00,10460,0
10461,5/08/2024 8:00,5/21/2024 16:00,10461,0
10462,12/12/2024 8:00,2/09/2025 16:00,10462,0
10464,7/23/2024 8:00,8/12/2024 16:00,10464,0
